,motif0,motif1,motif2,motif3,motif4,motif5,motif6,motif7,motif8,hla,Tcell_response,ba_rank
480,0,9,0,9,0,13,8,5,17,9,0,2.8664
135,16,4,4,9,0,6,5,9,8,0,0,1.3876
381,14,10,4,15,16,12,12,15,9,9,0,0.293
693,15,0,14,3,0,5,15,0,17,2,0,0.1343
467,9,9,2,15,9,12,10,2,17,9,0,0.2919
440,4,7,9,2,0,17,13,14,17,9,0,0.0618
282,4,9,5,9,16,9,17,5,17,9,0,0.055
366,0,9,19,5,4,17,12,17,9,9,0,0.0907
329,4,9,17,1,17,17,12,2,17,9,0,0.0335
571,14,9,9,1,0,2,12,5,4,3,0,0.8941
194,8,19,0,9,18,18,19,12,11,22,0,0.9383
420,9,17,4,5,1,17,4,18,9,9,0,0.5977
773,5,14,7,0,4,4,9,8,19,19,1,0.1028
1,8,9,8,9,12,7,7,10,8,11,0,0.0471
186,18,0,16,15,15,15,14,17,18,10,0,0.7712
601,15,15,0,8,0,5,9,1,19,6,0,0.0703
262,15,9,16,2,12,16,9,7,0,9,0,5.1164
350,4,0,9,2,14,19,19,15,17,9,0,0.2032
111,17,13,7,0,18,6,7,19,14,0,0,0.504
340,4,10,15,16,14,4,9,9,17,9,0,0.0366
277,4,7,2,4,6,16,12,12,9,9,0,0.0944
43,5,17,5,12,5,14,7,15,8,0,0,0.2983
621,7,9,3,3,15,3,11,9,19,6,0,0.1201
568,11,17,11,0,2,15,17,17,19,3,0,1.4734
244,9,9,0,8,14,3,17,0,9,9,0,1.4306
529,8,16,15,13,17,19,9,7,9,20,0,0.098
664,19,16,2,4,6,1,13,19,17,6,1,0.0176
238,7,9,7,9,19,9,9,15,7,9,0,0.6007
358,11,9,19,14,17,19,4,12,17,9,0,0.0702
257,14,9,16,6,12,9,7,9,9,9,0,0.9553
412,7,9,0,4,17,0,0,0,17,9,0,0.1057
744,12,17,10,19,13,5,11,16,19,12,0,1.5752
99,15,9,1,14,10,16,5,10,8,0,0,0.9027
129,14,16,10,10,4,4,0,3,6,0,0,0.382
753,19,17,8,9,0,11,9,12,19,12,0,0.1705
210,19,19,3,2,7,8,11,2,4,22,0,0.5763
595,4,16,15,2,17,17,14,13,19,6,0,0.1169
607,9,15,2,10,3,11,6,5,0,6,0,0.7591
41,0,17,7,9,1,14,7,14,8,0,0,0.1173
316,16,9,9,15,9,15,9,13,17,9,0,0.1008
485,16,9,0,19,15,4,13,15,9,9,0,1.389
552,4,9,4,2,0,17,17,0,18,3,0,1.2297
399,9,9,9,0,5,17,12,0,0,9,0,0.1594
147,2,0,0,9,1,14,16,19,19,10,0,0.3776
657,4,16,11,4,18,5,9,9,7,6,0,0.2866
400,9,9,9,15,12,15,9,13,17,9,0,0.198
671,5,12,14,3,0,9,15,6,9,2,0,0.0213
401,9,9,10,12,15,9,3,11,9,9,0,0.1019
514,0,10,4,8,17,13,3,2,7,20,0,0.7396
569,13,13,13,3,0,16,12,12,17,3,0,3.1166
750,19,10,0,3,9,4,12,4,7,12,0,1.4858
71,5,17,12,5,13,16,5,9,8,0,0,1.5203
264,15,16,10,15,4,5,7,9,9,9,0,1.7628
273,0,9,0,16,3,4,0,3,7,9,0,0.3095
512,13,13,4,0,17,5,15,19,17,9,1,1.4093
145,1,12,11,5,5,15,15,18,10,10,0,0.1758
505,0,9,15,12,17,7,12,6,7,9,1,0.1546
392,4,9,4,0,7,15,17,16,16,9,0,0.1909
53,15,16,19,15,13,8,15,0,8,0,0,0.0538
591,1,15,0,19,9,5,9,6,19,6,0,0.037
270,17,16,10,15,18,8,3,14,17,9,0,5.5546
766,6,15,14,11,16,6,9,5,8,5,0,0.0083
57,0,13,8,0,16,15,9,19,14,0,0,1.4605
462,19,16,0,12,19,12,6,12,0,9,0,0.7588
406,0,9,7,5,15,15,15,6,17,9,0,0.4954
40,0,16,0,0,16,13,14,12,8,0,0,0.0704
240,8,13,13,4,7,11,13,0,17,9,0,2.5619
449,6,9,10,2,5,2,9,5,9,9,0,0.1015
625,11,16,14,14,8,4,4,7,19,6,0,1.0501
451,9,9,5,2,12,5,18,14,17,9,0,0.2968
563,9,13,0,9,9,9,13,6,17,3,0,2.1183
12,5,0,4,0,8,8,9,5,8,0,0,0.3917
574,14,16,5,8,15,8,19,16,4,3,0,3.568
702,15,12,18,0,9,16,13,12,9,2,0,0.0123
547,19,0,9,6,7,16,8,16,9,20,0,2.4698
764,4,13,2,2,2,13,16,14,9,18,0,0.238
524,8,7,7,9,13,0,17,11,4,20,0,0.1342
302,9,9,16,16,7,19,4,4,9,9,0,0.095
428,19,9,9,6,8,11,1,10,9,9,0,0.2104
157,4,12,9,6,3,0,2,12,14,10,0,1.9871
144,1,9,17,5,9,5,9,16,19,10,0,1.1105
93,13,15,13,9,8,5,16,4,8,0,0,0.5686
724,16,15,7,2,14,4,9,0,17,16,0,0.3877
18,11,15,0,2,11,17,12,9,8,0,0,0.4745
543,15,9,7,16,0,11,3,13,4,20,0,1.191
391,0,17,18,3,19,13,8,12,17,9,0,0.377
651,19,15,15,0,9,2,9,1,19,6,0,0.0085
169,11,0,3,9,7,2,13,15,4,10,0,0.325
711,3,17,13,0,15,8,6,16,8,7,0,0.5883
165,10,7,9,5,18,8,4,4,19,10,0,0.2992
680,8,12,15,9,15,4,19,17,9,2,0,0.0516
364,19,9,9,9,18,9,15,12,7,9,0,0.019
346,17,9,15,2,11,17,17,10,17,9,0,0.0761
742,9,5,19,3,6,18,0,9,19,12,0,1.103
349,0,9,4,9,7,4,4,4,17,9,0,0.4275
520,4,9,4,2,0,17,17,0,18,20,0,0.1832
259,15,7,18,5,4,15,5,11,17,9,0,0.4878
758,8,15,3,0,9,8,9,4,9,8,0,0.4307
395,7,9,15,16,9,12,19,16,7,9,0,0.1726
304,9,10,4,0,7,4,4,9,16,9,0,0.7872
146,1,15,7,13,11,2,17,12,4,10,0,0.1997
716,15,15,15,4,15,6,14,3,8,7,0,1.9125
648,17,17,11,12,7,7,19,4,19,6,0,0.3135
736,5,15,17,7,11,13,5,12,10,12,0,5.9408
748,16,16,16,0,16,17,15,5,9,12,0,0.7675
444,4,13,9,11,13,15,4,3,7,9,0,0.0768
296,9,9,5,17,8,9,4,5,17,9,0,0.1264
167,10,12,0,0,17,9,8,12,15,10,0,0.2705
249,9,9,17,9,1,13,13,12,17,9,0,0.3982
305,9,17,7,5,14,7,4,19,7,9,0,0.1255
507,0,17,5,15,19,17,19,15,17,9,1,0.1909
195,8,19,0,14,7,9,0,16,8,22,0,2.4416
757,19,10,6,16,2,9,13,0,9,1,0,0.2782
626,18,16,11,3,16,6,17,16,19,6,0,0.0304
464,0,9,1,5,13,1,17,14,7,9,0,3.1858
229,4,9,4,2,0,17,17,0,18,9,0,2.5541
747,16,16,0,16,17,15,5,9,17,12,0,0.4674
403,15,9,15,3,9,13,14,9,17,9,0,0.689
525,8,9,15,12,12,5,16,0,4,20,0,0.1445
216,9,9,12,0,1,19,13,6,4,22,0,0.1627
59,0,16,8,17,16,0,2,5,8,0,0,0.618
540,14,19,7,13,16,7,11,12,9,20,0,0.5937
531,9,16,18,3,16,2,11,7,4,20,0,1.0841
611,13,16,7,14,4,7,5,19,19,6,0,0.2679
86,9,13,0,3,6,14,9,9,8,0,0,0.3329
299,9,9,9,13,17,9,4,18,9,9,0,0.4734
11,4,15,17,5,19,16,17,0,8,0,0,0.3225
463,19,16,15,3,6,0,0,15,17,9,0,0.5207
16,9,17,9,9,1,9,4,4,14,0,0,1.8907
717,15,19,1,3,12,15,15,19,14,7,0,2.1323
28,15,9,9,0,10,11,6,5,8,0,0,0.2623
227,0,17,9,9,0,9,17,9,9,9,0,4.3698
29,15,15,7,11,7,15,0,4,8,0,0,0.0076
555,6,15,14,8,15,16,10,15,4,3,0,0.2578
380,10,9,18,5,15,9,16,13,9,9,0,0.0508
704,17,12,0,18,5,9,17,0,16,2,0,0.3925
204,15,19,15,13,0,13,0,9,9,22,0,0.238
278,4,7,7,15,14,3,16,9,17,9,0,0.5062
670,5,12,9,19,9,14,12,12,17,2,0,0.1141
442,4,9,9,5,8,16,15,15,17,9,0,0.0114
414,7,9,9,16,1,3,12,16,17,9,0,0.1357
122,8,7,11,3,17,8,16,14,8,0,0,0.4628
739,6,10,7,17,17,15,7,0,19,12,0,0.8662
209,19,19,1,6,18,5,19,3,17,22,0,0.1109
50,14,9,15,14,8,9,9,1,8,0,0,0.5337
8,0,17,9,13,4,12,17,5,14,0,0,0.1968
336,17,9,19,5,17,16,9,15,9,9,0,0.1876
155,4,0,7,15,9,16,1,5,19,10,0,0.0095
79,8,13,15,0,3,5,15,14,8,0,0,2.1585
727,3,12,17,16,15,1,3,0,19,12,0,2.1651
630,1,16,2,16,19,10,9,3,9,6,0,0.083
608,9,17,3,15,4,15,3,8,19,6,0,0.0937
686,13,12,16,5,10,11,13,0,9,2,0,0.2008
553,4,15,15,14,15,9,9,2,4,3,0,1.2875
616,0,17,2,4,15,6,9,19,17,6,0,0.2867
118,7,16,11,13,10,15,7,2,8,0,0,0.2982
198,9,19,13,7,13,0,9,14,18,22,0,0.1853
418,9,9,9,15,0,14,4,19,0,9,0,0.2072
82,8,19,1,12,17,7,12,9,8,0,0,2.7197
732,3,17,12,2,5,4,16,0,17,12,0,0.0815
562,9,10,17,12,13,12,1,12,5,3,0,2.8299
385,17,9,18,0,4,1,17,5,9,9,0,0.4927
239,7,9,19,3,0,19,17,10,0,9,0,0.2828
110,17,7,3,4,9,0,12,9,8,0,0,0.346
476,4,13,12,15,4,15,6,9,17,9,0,0.359
0,9,12,7,13,19,3,12,17,9,14,0,0.0081
715,11,15,0,3,11,5,2,0,8,7,0,1.1499
17,10,7,9,5,18,8,4,4,19,0,0,0.347
328,4,9,11,15,1,4,4,1,7,9,0,0.0572
452,10,9,4,9,14,4,1,19,7,9,0,0.1561
424,15,9,7,9,9,3,11,12,17,9,0,0.4218
90,12,0,13,15,15,17,16,4,8,0,0,1.8292
469,18,9,7,2,10,8,15,9,17,9,0,0.2131
573,14,15,10,13,2,5,3,12,18,3,0,3.2041
738,5,16,4,15,17,9,0,19,19,12,0,0.0856
397,9,9,4,15,3,16,5,4,9,9,0,0.4059
454,15,9,0,12,9,15,12,14,17,9,0,0.0911
158,6,15,9,6,9,15,4,1,4,10,0,0.554
292,8,9,7,4,6,14,6,15,17,9,0,0.4479
495,15,9,7,6,19,16,0,13,7,9,0,0.2207
103,15,15,7,19,9,6,8,12,14,0,0,1.1203
70,5,17,7,15,15,9,9,8,19,0,0,0.419
593,4,15,2,9,15,15,9,14,9,6,0,0.0894
310,14,9,10,4,0,7,4,4,9,9,0,0.0103
60,0,16,15,15,12,10,16,17,8,0,0,0.0227
119,7,16,15,4,7,7,3,14,8,0,0,0.1602
109,16,9,19,12,5,8,2,5,8,0,0,0.5967
445,4,15,4,15,9,2,4,9,17,9,0,0.167
566,9,13,13,12,3,0,15,17,9,3,0,0.8472
526,8,13,13,4,7,11,13,0,17,20,0,0.495
637,6,9,15,6,13,0,6,14,19,6,0,0.4416
337,4,9,9,7,9,4,0,3,7,9,0,0.2808
199,10,19,5,0,6,9,12,15,7,22,0,0.0795
301,9,9,15,7,2,9,4,19,17,9,0,0.0096
685,11,12,4,3,9,15,4,15,9,2,0,0.3889
605,19,15,3,11,2,17,0,16,19,6,0,0.0195
206,16,18,11,3,17,4,3,4,7,22,0,0.1972
19,13,15,0,14,14,3,0,8,8,0,0,2.1768
100,15,9,5,19,6,1,8,19,8,0,0,1.4368
3,8,9,19,3,3,12,9,9,8,11,1,0.0089
482,7,9,2,17,1,15,15,5,9,9,0,0.6997
446,5,9,4,5,2,7,19,9,0,9,0,0.0294
326,4,9,9,16,15,7,7,0,7,9,0,0.013
75,8,0,9,3,10,5,0,17,8,0,0,0.8351
140,9,9,9,2,7,17,0,12,8,0,1,0.2675
515,0,15,4,0,16,13,8,10,7,20,0,2.3876
327,4,9,11,10,3,9,9,17,17,9,0,0.0963
180,19,18,7,8,12,3,2,12,4,10,0,1.4541
629,1,15,11,4,9,9,9,0,19,6,0,0.0681
641,9,16,15,10,0,19,2,1,19,6,0,0.0182
763,19,16,6,11,9,7,4,17,4,4,0,1.1751
390,0,9,10,10,15,9,15,0,9,9,0,0.2144
441,4,9,3,7,19,16,17,16,17,9,0,0.0916
389,0,9,7,2,9,15,15,5,9,9,0,0.2445
643,13,16,13,15,17,17,4,9,19,6,0,0.0636
112,17,15,15,15,7,19,9,6,8,0,0,0.0341
384,17,9,2,3,2,4,15,0,9,9,0,0.2921
557,8,9,15,12,12,5,16,0,4,3,0,0.0909
666,0,12,9,8,3,2,5,7,9,2,0,0.8176
124,8,16,9,8,7,11,3,17,8,0,0,0.3862
64,1,0,4,16,14,11,7,7,8,0,0,0.6583
660,9,16,3,14,0,11,4,13,19,6,0,0.0125
72,6,17,0,2,13,18,3,4,8,0,0,0.1442
669,3,12,0,5,9,14,13,3,17,2,0,0.7438
419,9,9,9,15,7,15,9,9,7,9,0,0.115
2,8,9,7,9,18,14,5,9,8,11,1,0.0492
342,8,9,4,3,13,4,15,8,9,9,0,0.1161
56,0,4,7,14,14,5,7,9,8,0,0,1.7591
130,14,17,14,2,4,7,13,10,8,0,0,0.2473
478,5,15,9,2,17,9,10,0,17,9,0,0.554
677,8,0,6,3,0,0,14,0,9,2,0,0.467
293,8,9,10,2,5,16,15,13,17,9,0,0.0186
740,6,10,15,15,19,7,0,15,9,12,0,2.171
448,6,9,4,1,17,4,19,5,9,9,0,0.1584
537,14,15,10,13,2,5,3,12,18,20,0,0.1795
370,4,9,4,9,5,9,15,5,7,9,0,0.0297
330,4,15,5,3,19,7,12,16,17,9,0,0.2963
394,5,9,9,6,5,1,7,19,0,9,0,0.4535
347,17,10,9,8,19,9,4,15,9,9,0,0.0255
559,9,3,7,7,11,0,9,12,4,3,0,1.4583
175,15,0,0,5,9,9,17,12,10,10,0,0.0618
34,17,16,0,16,5,15,5,7,8,0,0,0.5904
360,16,9,15,2,17,9,4,14,9,9,0,0.0624
52,15,16,16,15,13,5,12,14,8,0,0,0.3344
324,19,9,17,15,4,4,3,5,7,9,0,0.0647
139,15,17,16,11,3,4,1,9,8,0,1,0.0673
710,15,12,10,7,17,5,15,12,18,2,1,0.1189
152,3,12,9,3,14,15,8,13,10,10,0,1.8376
594,4,16,13,9,9,17,4,14,19,6,0,0.0863
141,0,15,11,0,15,15,0,0,8,0,1,0.0688
148,2,0,7,16,5,3,0,15,19,10,0,0.055
255,13,13,13,3,0,16,12,12,17,9,0,1.0681
114,19,16,17,16,13,9,14,12,8,0,0,0.2469
51,15,15,4,5,9,6,9,4,8,0,0,0.0063
6,0,15,19,15,9,15,3,2,8,0,0,0.2157
377,8,9,13,12,9,15,12,17,17,9,0,0.2086
760,4,18,19,16,6,11,9,7,4,4,0,0.0749
325,0,9,9,19,4,15,3,10,17,9,0,0.1476
251,9,13,0,9,9,9,13,6,17,9,0,1.6677
642,9,17,17,9,0,12,9,9,19,6,0,0.4744
708,19,12,15,13,0,3,15,2,10,2,0,0.5438
774,2,0,11,15,4,9,13,15,17,23,1,0.0562
365,19,9,17,9,4,4,19,9,9,9,0,0.8955
268,17,9,9,0,9,17,9,9,9,9,0,0.2444
232,5,17,7,11,0,3,4,10,9,9,0,1.9838
367,4,7,17,3,0,9,16,9,9,9,0,0.1621
725,2,16,0,15,15,15,9,0,4,12,0,0.0184
745,15,9,4,7,11,16,15,15,19,12,0,0.445
178,18,12,15,9,2,15,5,12,9,10,0,0.089
243,9,7,7,15,19,17,0,15,9,9,0,0.4197
501,4,10,12,2,4,2,9,6,9,9,1,0.0725
125,9,15,19,11,15,6,19,15,14,0,0,0.3473
653,19,16,4,9,7,4,15,2,19,6,0,0.1752
372,4,9,9,13,19,15,3,17,0,9,0,0.2422
556,7,15,9,7,15,14,9,15,4,3,0,1.1185
453,14,10,9,2,8,11,12,3,17,9,0,0.0594
754,4,3,4,1,3,2,2,9,18,21,0,0.4391
7,0,17,9,9,13,7,10,3,14,0,0,0.4687
287,5,9,17,3,0,9,6,3,17,9,0,0.0092
691,14,17,14,13,2,5,13,4,9,2,0,0.2038
9,1,0,4,14,4,0,2,9,14,0,0,1.433
315,16,9,4,16,9,15,19,5,17,9,0,0.022
570,14,3,15,15,1,5,16,5,19,3,0,3.1741
318,17,9,4,18,9,7,16,4,17,9,0,0.0991
254,11,9,13,2,4,19,10,6,9,9,0,0.4324
707,19,12,5,8,2,5,8,17,10,2,0,0.3536
184,19,13,19,15,5,19,14,5,19,10,0,0.9156
373,4,10,15,4,13,15,19,9,9,9,0,0.0091
378,9,9,17,0,0,3,12,19,9,9,0,0.2581
166,10,12,0,0,9,11,12,9,17,10,0,0.1893
297,9,9,7,19,1,13,0,5,17,9,0,0.1142
513,0,9,12,4,7,7,15,7,4,20,0,1.6864
612,14,16,4,15,16,4,2,4,19,6,0,0.0908
15,9,9,16,18,13,13,9,3,8,0,0,0.8757
220,15,19,5,11,7,7,18,16,9,22,0,0.0138
755,4,10,0,15,11,2,3,5,17,1,0,2.7505
388,19,9,15,12,4,10,7,17,7,9,0,0.0543
333,13,9,15,9,5,7,7,9,17,9,0,0.7006
679,8,12,14,12,15,3,17,12,3,2,0,1.0375
89,10,16,5,10,8,3,10,9,14,0,0,1.4261
202,14,17,12,15,7,15,4,14,7,22,0,0.3221
54,17,17,11,15,18,4,18,15,14,0,0,0.3147
456,15,9,9,15,9,9,19,0,9,9,0,0.0218
721,15,19,1,3,12,15,15,19,14,17,0,0.0972
95,14,0,9,9,2,16,0,11,8,0,0,0.4791
233,5,17,7,15,15,4,17,6,17,9,0,0.6882
494,11,9,7,4,17,4,19,10,9,9,0,1.015
649,18,0,2,18,5,6,14,16,19,6,0,0.093
632,4,15,2,8,8,17,5,16,19,6,0,0.0115
511,9,9,4,5,10,12,12,1,9,9,1,0.1952
136,6,9,11,14,0,10,9,6,8,0,0,0.2663
375,5,9,12,6,0,4,4,9,17,9,0,0.0984
408,0,9,15,16,7,18,19,3,9,9,0,0.2032
172,11,12,15,14,14,13,9,7,19,10,0,0.2721
218,14,4,13,14,12,19,14,9,9,22,0,0.2366
323,19,9,2,19,7,8,6,12,10,9,0,0.1432
468,15,16,0,4,2,4,9,0,17,9,0,1.5369
493,8,9,9,10,15,13,0,11,17,9,0,0.2848
640,9,16,2,16,15,9,16,0,9,6,0,0.4272
256,14,9,13,0,9,5,12,3,0,9,0,2.9545
138,5,16,15,0,12,14,8,8,8,0,1,1.0752
523,7,16,9,10,10,11,12,9,7,20,0,0.4838
534,14,10,16,14,19,9,3,15,9,20,0,0.1056
609,11,16,12,4,9,4,15,9,19,6,0,0.1144
749,19,9,7,5,17,7,5,11,15,12,0,2.6782
269,17,16,4,3,9,16,18,3,16,9,0,2.5075
423,15,9,4,14,4,15,4,11,0,9,0,0.0746
407,0,9,15,0,10,10,13,18,17,9,0,0.175
698,15,12,5,15,9,12,13,12,7,2,0,0.2326
635,4,16,5,16,7,15,17,10,19,6,0,0.0338
771,15,15,8,8,17,10,14,16,8,5,0,0.0309
205,15,19,17,15,19,8,10,9,9,22,0,0.1005
188,5,12,3,3,9,5,9,12,10,10,1,0.2678
77,8,9,9,2,14,3,9,8,8,0,0,0.5834
106,16,0,9,12,4,1,5,12,14,0,0,1.9738
272,19,9,13,3,8,16,1,10,0,9,0,0.2861
697,15,12,3,17,12,8,12,15,9,2,0,0.1538
357,8,10,0,3,15,9,9,13,17,9,0,0.0096
258,14,10,16,14,19,9,3,15,9,9,0,0.956
761,14,4,13,13,9,2,16,0,7,4,0,0.3225
128,13,16,0,1,1,0,1,14,8,0,0,0.4301
675,7,12,10,15,12,2,5,9,4,2,0,0.3653
27,15,7,9,2,11,13,9,17,14,0,0,0.952
589,16,3,10,3,4,15,16,15,9,15,0,0.0432
242,8,17,4,15,1,15,15,19,9,9,0,0.5395
436,0,9,9,10,1,9,9,12,9,9,0,0.3775
561,9,7,11,19,19,7,15,5,4,3,0,0.2943
416,9,9,0,18,10,7,12,11,17,9,0,0.0186
580,15,17,14,0,16,9,14,9,19,3,0,0.6199
639,9,15,4,4,16,17,10,0,19,6,0,0.1684
196,8,19,2,17,18,15,9,5,7,22,0,0.3677
734,4,16,5,16,7,12,17,10,19,12,0,0.5032
274,0,9,10,5,12,13,19,1,17,9,0,0.0762
429,5,9,17,2,3,13,13,3,17,9,0,0.4976
756,7,15,19,9,10,7,0,9,10,1,0,0.4726
280,4,9,0,16,9,5,17,12,17,9,0,0.0134
354,7,9,9,2,15,16,18,11,9,9,0,0.0097
379,9,9,17,9,18,0,4,1,17,9,0,0.9376
298,9,9,9,4,4,15,17,18,7,9,0,0.9461
26,14,19,2,9,4,17,19,12,8,0,0,1.1178
115,19,17,17,8,13,15,13,9,8,0,0,0.8757
25,14,17,9,15,12,17,7,7,8,0,0,0.0388
694,15,12,0,6,9,16,12,13,17,2,0,0.2483
5,0,15,6,12,7,9,3,2,8,0,0,0.576
134,15,15,15,7,19,15,7,17,8,0,0,0.0599
67,4,15,5,9,14,6,6,17,8,0,0,2.0877
684,10,12,15,8,8,4,5,6,4,2,0,0.2084
450,8,9,9,12,16,11,16,11,7,9,0,0.5047
752,19,16,10,3,3,4,10,3,9,12,0,0.0775
491,0,9,16,0,15,16,17,12,9,9,0,0.5894
658,4,17,2,3,11,17,2,14,10,6,0,0.4266
353,4,9,13,12,6,10,7,5,0,9,0,0.0755
189,16,12,16,17,12,15,15,15,4,10,1,0.164
235,7,7,11,0,9,12,4,7,7,9,0,1.5694
509,8,9,15,6,13,9,17,9,9,9,1,0.3552
313,15,9,4,14,9,17,12,11,17,9,0,0.0752
176,17,0,7,1,1,16,9,6,19,10,0,0.1042
709,5,12,15,18,5,9,15,9,10,2,0,0.2154
200,12,10,18,11,3,9,4,9,4,22,0,0.2818
584,17,7,6,5,17,7,15,15,4,3,0,0.1016
447,5,9,11,3,16,7,0,8,9,9,0,0.4999
703,16,12,16,0,14,15,15,12,9,2,0,0.0091
718,16,7,3,15,17,13,5,0,8,7,0,1.9074
24,14,17,0,14,8,9,19,14,19,0,0,1.2655
319,18,9,7,16,4,17,9,11,0,9,0,0.5963
4,0,9,18,18,19,12,11,5,8,0,0,0.3391
10,1,7,15,11,0,19,7,16,14,0,0,1.1521
538,14,16,5,8,15,8,19,16,4,20,0,0.0677
383,15,9,9,10,11,7,3,17,17,9,0,0.4413
174,14,5,9,11,15,11,9,0,19,10,0,1.6437
393,4,9,11,3,7,12,9,4,17,9,0,0.0057
459,15,17,17,2,17,4,4,13,9,9,0,0.4409
492,4,9,9,9,17,0,0,10,7,9,0,0.7203
248,9,9,15,12,9,5,0,3,7,9,0,0.6649
290,7,9,9,9,4,3,11,6,17,9,0,0.2202
610,12,15,2,16,14,13,10,9,4,6,0,0.2433
466,8,7,11,9,15,9,4,0,9,9,0,1.7828
654,19,17,2,17,16,19,11,4,7,6,0,0.3432
201,14,4,7,9,9,17,19,16,9,22,0,0.2289
567,10,10,11,12,9,7,19,15,9,3,0,0.2009
97,14,16,4,17,0,0,19,5,8,0,0,0.0152
631,4,5,19,3,6,18,0,9,19,6,0,0.501
517,0,17,10,5,14,15,19,0,12,20,0,6.529
588,19,15,0,17,10,5,14,15,19,3,0,0.2003
628,1,15,2,15,8,9,7,5,19,6,0,0.0096
613,18,15,15,16,0,15,15,5,19,6,0,0.0371
541,15,7,9,4,9,7,7,15,19,20,0,0.9039
265,16,9,13,13,12,3,0,15,17,9,0,2.8092
334,15,10,15,7,11,16,4,12,17,9,0,0.0761
624,9,19,2,4,9,2,19,19,19,6,0,0.3426
558,9,0,17,2,11,4,17,14,4,3,0,1.091
215,9,4,9,14,14,14,9,7,4,22,0,0.4425
410,4,9,7,12,7,17,4,7,15,9,0,0.5624
604,19,15,2,0,16,2,3,2,7,6,0,0.5383
497,8,17,1,1,1,13,7,9,9,9,1,2.9502
576,15,7,12,7,5,18,15,6,4,3,0,1.7891
551,4,7,4,11,9,7,11,19,19,3,0,0.5444
321,19,7,17,3,11,2,9,19,7,9,0,0.2734
699,15,12,8,7,12,15,5,0,19,2,0,0.5922
369,4,9,4,7,17,7,13,9,17,9,0,0.1733
672,6,12,14,3,0,11,4,8,9,2,0,0.0374
486,16,13,4,18,1,0,17,0,9,9,0,1.2276
598,8,16,0,19,19,9,3,17,19,6,0,0.2139
438,1,9,4,9,3,7,19,16,17,9,0,0.1487
351,4,9,4,15,5,17,11,14,9,9,0,0.023
219,14,19,5,3,9,16,8,7,7,22,0,0.1187
678,8,9,0,0,14,1,0,0,9,2,0,0.8937
650,18,15,1,9,5,6,9,5,19,6,0,0.0941
528,8,16,4,13,11,13,3,8,7,20,0,0.2011
368,4,9,3,3,10,0,16,19,9,9,0,0.0397
306,11,9,9,14,7,9,19,8,9,9,0,0.2559
131,15,7,19,15,7,17,8,7,8,0,0,0.1948
48,11,15,7,10,19,4,16,3,8,0,0,0.1814
271,19,9,9,15,7,9,5,11,16,9,0,0.7085
61,0,17,16,8,3,3,4,13,14,0,0,2.8342
105,15,16,8,3,15,12,0,8,8,0,0,0.4726
331,5,9,10,8,2,7,17,3,0,9,0,0.1301
471,0,13,4,8,5,0,18,7,9,9,0,0.66
504,7,9,11,0,10,7,0,8,7,9,1,0.5741
363,19,9,9,2,4,16,4,17,1,9,0,0.5879
662,11,16,9,3,13,16,17,12,19,6,0,0.2926
737,5,16,0,2,16,8,17,6,4,12,0,3.0142
627,19,7,19,17,1,4,1,9,19,6,0,0.7129
150,3,0,0,0,2,3,16,12,0,10,0,2.4857
477,5,10,12,12,1,9,9,0,9,9,0,0.983
577,15,9,7,16,0,11,3,13,4,3,0,0.3783
622,9,16,1,3,12,16,17,12,19,6,0,0.2069
63,1,0,4,0,6,5,12,9,19,0,0,1.5857
322,19,7,17,15,11,1,10,17,17,9,0,0.7797
762,19,16,0,13,7,7,9,0,9,4,0,0.8142
426,16,10,2,2,2,11,9,3,9,9,0,0.9389
275,0,10,5,17,0,9,18,5,17,9,0,0.0616
291,7,9,9,16,9,17,0,11,9,9,0,0.1852
692,15,0,3,5,15,14,8,0,9,2,0,0.7036
636,5,16,4,4,17,9,0,19,19,6,0,0.4488
81,8,17,4,10,0,9,9,14,14,0,0,0.2159
283,4,9,9,19,11,9,5,9,17,9,0,0.0312
246,9,9,1,0,2,12,5,4,17,9,0,1.1833
286,5,9,3,4,13,7,4,11,17,9,0,0.2894
620,7,1,3,3,11,15,9,12,19,6,0,0.4743
38,0,9,10,3,9,9,18,3,8,0,0,0.0392
673,6,12,15,0,13,7,15,12,16,2,0,0.5384
223,0,9,11,9,13,2,4,19,10,9,0,0.9975
320,18,9,10,12,9,16,7,12,9,9,0,0.0068
197,8,19,5,2,15,17,1,6,7,22,0,0.2884
713,8,16,17,17,11,8,9,4,8,7,0,3.3983
20,14,0,9,17,17,12,1,12,14,0,0,1.4044
483,8,17,2,7,4,4,9,5,9,9,0,2.5932
22,14,9,19,8,14,15,3,12,8,0,0,0.2626
303,9,9,17,17,8,4,1,11,17,9,0,0.5482
503,17,17,10,15,18,0,12,12,17,9,1,0.0519
623,9,16,12,11,9,13,5,4,19,6,0,0.1029
545,15,16,10,15,4,5,7,9,9,20,0,0.0886
362,17,9,2,14,3,4,12,4,17,9,0,0.1559
409,1,9,9,10,9,9,7,12,9,9,0,1.3923
116,0,7,0,11,14,7,8,4,8,0,0,0.1879
285,4,16,9,17,3,17,18,9,17,9,0,0.0862
522,7,7,11,0,9,12,4,7,7,20,0,0.1564
465,4,0,9,5,11,17,7,15,0,9,0,1.585
458,15,9,15,16,15,9,15,15,17,9,0,0.2332
39,0,13,9,8,11,9,19,9,8,0,0,0.153
263,15,13,17,19,9,7,9,13,17,9,0,0.9489
712,7,15,0,1,8,2,5,8,14,7,0,2.9
267,17,9,0,15,5,0,4,5,16,9,0,2.677
207,17,19,5,3,9,6,17,13,7,22,0,0.0585
92,13,9,19,16,9,19,12,5,8,0,0,0.5951
656,4,15,0,14,17,9,8,15,19,6,0,0.3308
65,1,15,13,2,6,2,16,13,8,0,0,1.9777
498,0,9,7,6,6,11,16,19,9,9,1,0.258
104,15,15,15,14,13,9,2,9,8,0,0,0.2738
212,0,19,9,0,4,9,4,17,18,22,0,0.1457
69,5,9,16,3,2,0,0,19,8,0,0,1.6128
161,9,0,17,4,15,12,4,10,10,10,0,0.2316
473,4,9,10,0,15,7,15,15,4,9,0,0.583
500,4,9,7,19,9,2,17,15,17,9,1,0.0116
530,8,17,4,15,1,15,15,19,9,20,0,0.0818
80,8,16,2,16,15,3,8,14,8,0,0,1.7813
44,7,7,15,0,19,8,6,10,8,0,0,0.339
355,7,10,0,12,0,11,4,4,17,9,0,0.0071
309,14,9,4,6,3,9,3,0,7,9,0,0.1935
714,9,9,11,3,17,13,0,15,8,7,0,1.9916
602,16,16,2,0,9,12,3,15,4,6,0,0.2357
58,0,13,17,9,13,9,17,0,8,0,0,0.4412
646,15,15,19,7,0,15,4,16,19,6,0,0.2563
352,4,9,7,0,4,5,6,14,17,9,0,0.0104
348,18,10,0,3,4,9,7,0,17,9,0,0.009
728,3,15,4,15,18,9,3,3,10,12,0,0.0587
253,10,10,11,12,9,7,19,15,9,9,0,0.0095
687,14,0,3,2,9,14,17,0,9,2,0,0.4179
405,19,9,14,15,17,12,0,5,17,9,0,0.5716
133,15,9,15,12,7,3,10,8,8,0,0,0.0935
590,16,3,15,12,4,3,13,6,7,15,1,0.29
667,0,12,12,7,9,15,14,5,9,2,0,0.5682
770,14,16,5,8,0,0,5,9,9,5,0,2.2854
224,0,9,15,16,1,16,15,6,7,9,0,1.3285
617,3,16,3,15,3,0,3,2,19,6,0,0.0785
487,17,10,2,15,7,2,17,8,7,9,0,1.0112
341,5,9,10,4,10,10,7,12,9,9,0,0.1611
192,7,19,0,5,16,16,14,4,4,22,0,0.0285
376,8,9,10,11,13,0,7,1,7,9,0,0.213
701,15,12,17,9,16,4,0,5,17,2,0,0.3946
163,9,17,4,17,11,2,8,7,4,10,0,0.8358
345,17,9,10,5,19,17,0,0,17,9,0,0.0066
564,9,13,0,9,17,5,11,12,7,3,0,0.5828
113,17,15,16,8,3,15,12,0,8,0,0,1.1619
502,16,9,18,1,15,12,7,8,17,9,1,0.0857
720,9,18,1,14,13,12,12,19,14,17,0,0.9992
535,14,11,15,15,7,15,15,12,4,20,0,0.8983
214,8,18,18,3,9,9,4,4,7,22,0,0.2096
132,15,9,4,5,9,15,4,17,14,0,0,0.3035
542,15,7,9,5,11,16,16,7,7,20,0,1.3311
539,14,16,11,7,4,13,7,13,9,20,0,0.058
374,4,10,15,15,6,10,8,15,17,9,0,0.1351
706,19,0,14,12,14,15,0,15,7,2,0,0.1236
382,15,9,0,0,1,17,18,5,9,9,0,0.0304
47,9,17,15,2,7,9,15,1,8,0,0,0.1744
434,15,9,10,3,6,18,0,9,5,9,0,1.9046
659,6,9,5,17,4,15,15,19,19,6,0,0.3636
619,6,15,2,17,4,0,9,15,16,6,0,0.4564
127,13,0,9,14,4,19,2,19,8,0,0,0.2144
730,3,17,9,17,3,19,12,4,4,12,0,0.5247
35,17,16,19,19,1,6,18,5,19,0,0,0.8517
600,9,17,0,0,3,12,19,9,19,6,0,0.1619
581,16,9,10,10,11,12,9,7,19,3,0,0.3626
317,17,9,4,13,16,6,16,11,17,9,0,0.6609
769,13,16,14,9,8,5,15,9,8,5,0,0.0547
228,4,7,9,3,7,7,11,0,9,9,0,0.0701
55,0,0,5,4,17,16,3,7,8,0,0,0.7962
668,0,12,13,14,13,4,16,3,17,2,0,0.1573
108,16,9,15,19,12,19,5,15,8,0,0,0.4161
475,4,9,15,13,14,17,0,4,9,9,0,0.0746
457,15,9,15,15,17,16,9,9,9,9,0,0.2743
521,6,9,9,8,7,8,3,16,7,20,0,0.5837
518,3,15,5,11,9,16,4,15,9,20,0,6.738
173,11,12,17,16,0,17,4,8,19,10,0,0.0615
36,19,9,11,1,7,7,11,10,8,0,0,0.7492
96,14,13,4,16,3,17,6,9,8,0,0,0.106
645,15,15,2,15,13,3,3,11,19,6,0,0.0335
603,16,16,11,0,4,15,5,3,19,6,0,0.0292
386,19,9,9,13,8,16,10,12,17,9,0,0.0073
404,17,9,9,9,9,9,0,5,17,9,0,0.1841
751,19,16,4,9,7,15,15,2,19,12,0,0.0473
499,7,9,16,5,9,11,19,3,17,9,1,0.041
85,9,10,2,15,11,10,6,17,8,0,0,0.5951
49,14,7,15,8,7,7,3,0,8,0,0,0.2376
343,8,9,4,15,13,7,19,15,9,9,0,0.0099
546,17,7,6,5,17,7,15,15,4,20,0,0.1728
62,0,19,13,11,13,13,4,16,8,0,0,2.5578
168,11,0,0,12,17,2,9,16,9,10,0,0.2538
430,5,17,18,0,9,12,2,12,7,9,0,1.269
606,5,15,19,17,14,16,9,17,19,6,0,0.3217
587,18,10,11,7,9,1,0,18,4,3,0,1.7396
614,19,9,0,15,9,15,9,5,19,6,0,0.0734
644,15,7,15,15,3,13,16,4,19,6,0,0.3447
474,4,9,13,4,14,5,11,3,17,9,0,0.6636
488,17,10,8,4,8,11,12,9,17,9,0,4.9646
42,5,9,6,17,4,11,9,12,8,0,0,0.2543
433,9,9,14,17,6,16,3,6,17,9,0,3.8441
160,9,0,15,3,9,8,19,2,10,10,0,0.5885
76,8,0,17,1,7,6,1,10,8,0,0,0.5096
585,17,10,5,14,15,19,0,12,19,3,0,0.0947
741,6,17,17,16,7,15,15,9,9,12,0,0.2055
312,15,7,15,0,4,9,19,4,9,9,0,0.15
387,19,9,10,8,5,12,11,8,7,9,0,0.2794
461,19,9,2,3,9,7,14,11,16,9,0,0.8471
663,15,1,2,15,9,1,5,5,19,6,0,0.3244
335,17,9,9,18,3,7,4,4,9,9,0,0.0341
123,8,10,16,17,17,7,9,13,8,0,0,0.1816
171,11,12,10,18,11,3,9,4,9,10,0,0.2175
696,15,12,2,15,12,13,9,12,18,2,0,1.7408
689,14,12,8,0,16,19,15,17,1,2,0,0.0984
162,9,12,17,0,0,0,4,7,3,10,0,0.939
661,9,17,3,13,0,9,14,4,19,6,0,0.4032
674,7,12,2,4,14,11,15,17,9,2,0,0.0911
339,4,10,10,7,12,9,1,15,7,9,0,0.0207
489,17,16,19,15,5,8,4,9,7,9,0,3.6008
700,15,12,10,16,17,8,3,3,4,2,0,0.1806
371,4,9,9,0,9,19,2,15,17,9,0,0.0124
237,7,9,4,9,7,7,15,19,17,9,0,0.1629
46,8,17,0,17,0,16,9,0,8,0,0,0.05
87,9,13,11,0,15,4,17,9,19,0,0,1.5993
208,17,19,13,5,16,16,15,11,7,22,0,0.0847
159,6,17,15,12,5,0,15,8,10,10,0,0.9865
548,0,13,17,16,8,15,15,0,9,3,0,0.349
260,15,9,3,3,8,2,6,19,7,9,0,1.1545
516,0,15,4,5,7,7,9,2,17,20,0,1.4446
676,7,17,0,12,8,9,14,12,17,2,0,2.1581
565,9,13,8,5,14,15,4,11,9,3,0,1.4547
772,16,14,15,15,5,15,6,4,17,13,0,0.1016
695,15,12,0,8,8,0,0,12,0,2,0,0.0532
575,15,7,9,4,9,7,7,15,19,3,0,2.4743
266,16,17,13,2,9,13,17,3,17,9,0,2.7054
307,13,9,10,13,9,7,3,12,0,9,0,0.3346
510,9,7,7,12,4,7,6,9,7,9,1,0.2268
126,9,17,0,11,4,15,13,7,8,0,0,0.1692
338,4,9,12,0,19,9,11,15,9,9,0,0.0645
225,0,10,4,8,17,13,3,2,7,9,0,2.5167
470,19,9,17,2,15,17,0,8,10,9,0,0.1785
91,12,9,11,5,18,10,19,18,8,0,0,2.2703
472,4,7,5,12,9,10,2,0,9,9,0,1.5621
