,motif0,motif1,motif2,motif3,motif4,motif5,motif6,motif7,motif8,hla,Tcell_response,ba_rank
344,15,9,5,16,4,17,4,19,9,9,0,0.0261
314,15,9,15,7,5,15,0,3,17,9,0,0.6777
128,13,16,0,1,1,0,1,14,8,0,0,0.4301
290,7,9,9,9,4,3,11,6,17,9,0,0.2202
277,4,7,2,4,6,16,12,12,9,9,0,0.0944
219,14,19,5,3,9,16,8,7,7,22,0,0.1187
709,5,12,15,18,5,9,15,9,10,2,0,0.2154
298,9,9,9,4,4,15,17,18,7,9,0,0.9461
455,15,9,2,9,12,9,11,12,9,9,0,1.4329
706,19,0,14,12,14,15,0,15,7,2,0,0.1236
594,4,16,13,9,9,17,4,14,19,6,0,0.0863
356,8,9,13,13,9,9,4,15,17,9,0,0.0171
49,14,7,15,8,7,7,3,0,8,0,0,0.2376
261,15,9,9,0,9,0,15,9,17,9,0,0.2325
727,3,12,17,16,15,1,3,0,19,12,0,2.1651
565,9,13,8,5,14,15,4,11,9,3,0,1.4547
239,7,9,19,3,0,19,17,10,0,9,0,0.2828
622,9,16,1,3,12,16,17,12,19,6,0,0.2069
168,11,0,0,12,17,2,9,16,9,10,0,0.2538
212,0,19,9,0,4,9,4,17,18,22,0,0.1457
214,8,18,18,3,9,9,4,4,7,22,0,0.2096
0,9,12,7,13,19,3,12,17,9,14,0,0.0081
315,16,9,4,16,9,15,19,5,17,9,0,0.022
602,16,16,2,0,9,12,3,15,4,6,0,0.2357
645,15,15,2,15,13,3,3,11,19,6,0,0.0335
509,8,9,15,6,13,9,17,9,9,9,1,0.3552
374,4,10,15,15,6,10,8,15,17,9,0,0.1351
648,17,17,11,12,7,7,19,4,19,6,0,0.3135
154,3,17,14,9,9,5,7,12,4,10,0,1.8074
596,5,16,7,15,15,0,15,4,19,6,0,0.2203
309,14,9,4,6,3,9,3,0,7,9,0,0.1935
179,19,10,16,5,4,4,5,5,19,10,0,0.4721
500,4,9,7,19,9,2,17,15,17,9,1,0.0116
459,15,17,17,2,17,4,4,13,9,9,0,0.4409
187,4,0,4,13,3,19,2,15,4,10,1,0.0265
672,6,12,14,3,0,11,4,8,9,2,0,0.0374
149,2,17,7,5,18,16,15,16,19,10,0,0.1398
673,6,12,15,0,13,7,15,12,16,2,0,0.5384
70,5,17,7,15,15,9,9,8,19,0,0,0.419
398,9,9,8,2,1,7,4,2,9,9,0,0.3921
132,15,9,4,5,9,15,4,17,14,0,0,0.3035
717,15,19,1,3,12,15,15,19,14,7,0,2.1323
372,4,9,9,13,19,15,3,17,0,9,0,0.2422
564,9,13,0,9,17,5,11,12,7,3,0,0.5828
242,8,17,4,15,1,15,15,19,9,9,0,0.5395
269,17,16,4,3,9,16,18,3,16,9,0,2.5075
504,7,9,11,0,10,7,0,8,7,9,1,0.5741
287,5,9,17,3,0,9,6,3,17,9,0,0.0092
201,14,4,7,9,9,17,19,16,9,22,0,0.2289
399,9,9,9,0,5,17,12,0,0,9,0,0.1594
215,9,4,9,14,14,14,9,7,4,22,0,0.4425
193,8,19,0,4,15,5,17,0,4,22,0,0.0721
584,17,7,6,5,17,7,15,15,4,3,0,0.1016
763,19,16,6,11,9,7,4,17,4,4,0,1.1751
499,7,9,16,5,9,11,19,3,17,9,1,0.041
390,0,9,10,10,15,9,15,0,9,9,0,0.2144
562,9,10,17,12,13,12,1,12,5,3,0,2.8299
60,0,16,15,15,12,10,16,17,8,0,0,0.0227
220,15,19,5,11,7,7,18,16,9,22,0,0.0138
47,9,17,15,2,7,9,15,1,8,0,0,0.1744
71,5,17,12,5,13,16,5,9,8,0,0,1.5203
272,19,9,13,3,8,16,1,10,0,9,0,0.2861
20,14,0,9,17,17,12,1,12,14,0,0,1.4044
501,4,10,12,2,4,2,9,6,9,9,1,0.0725
589,16,3,10,3,4,15,16,15,9,15,0,0.0432
683,9,12,14,13,7,6,17,15,15,2,0,0.2847
588,19,15,0,17,10,5,14,15,19,3,0,0.2003
545,15,16,10,15,4,5,7,9,9,20,0,0.0886
606,5,15,19,17,14,16,9,17,19,6,0,0.3217
286,5,9,3,4,13,7,4,11,17,9,0,0.2894
423,15,9,4,14,4,15,4,11,0,9,0,0.0746
737,5,16,0,2,16,8,17,6,4,12,0,3.0142
533,14,9,9,1,0,2,12,5,4,20,0,0.1625
258,14,10,16,14,19,9,3,15,9,9,0,0.956
85,9,10,2,15,11,10,6,17,8,0,0,0.5951
163,9,17,4,17,11,2,8,7,4,10,0,0.8358
438,1,9,4,9,3,7,19,16,17,9,0,0.1487
689,14,12,8,0,16,19,15,17,1,2,0,0.0984
30,15,16,0,4,15,18,12,17,19,0,0,0.6664
330,4,15,5,3,19,7,12,16,17,9,0,0.2963
674,7,12,2,4,14,11,15,17,9,2,0,0.0911
178,18,12,15,9,2,15,5,12,9,10,0,0.089
496,0,9,13,15,14,9,13,0,9,9,1,1.3854
676,7,17,0,12,8,9,14,12,17,2,0,2.1581
739,6,10,7,17,17,15,7,0,19,12,0,0.8662
322,19,7,17,15,11,1,10,17,17,9,0,0.7797
647,17,15,2,5,4,16,0,17,10,6,0,0.1955
68,4,16,9,15,19,12,19,2,8,0,0,0.1191
670,5,12,9,19,9,14,12,12,17,2,0,0.1141
734,4,16,5,16,7,12,17,10,19,12,0,0.5032
377,8,9,13,12,9,15,12,17,17,9,0,0.2086
758,8,15,3,0,9,8,9,4,9,8,0,0.4307
362,17,9,2,14,3,4,12,4,17,9,0,0.1559
724,16,15,7,2,14,4,9,0,17,16,0,0.3877
241,8,17,2,4,16,3,4,9,9,9,0,1.7816
350,4,0,9,2,14,19,19,15,17,9,0,0.2032
429,5,9,17,2,3,13,13,3,17,9,0,0.4976
271,19,9,9,15,7,9,5,11,16,9,0,0.7085
8,0,17,9,13,4,12,17,5,14,0,0,0.1968
751,19,16,4,9,7,15,15,2,19,12,0,0.0473
675,7,12,10,15,12,2,5,9,4,2,0,0.3653
88,9,15,3,15,10,17,3,19,8,0,0,0.712
143,8,16,9,16,15,17,4,13,8,0,1,0.0115
604,19,15,2,0,16,2,3,2,7,6,0,0.5383
427,17,7,4,15,19,16,19,7,7,9,0,0.5601
171,11,12,10,18,11,3,9,4,9,10,0,0.2175
124,8,16,9,8,7,11,3,17,8,0,0,0.3862
740,6,10,15,15,19,7,0,15,9,12,0,2.171
296,9,9,5,17,8,9,4,5,17,9,0,0.1264
237,7,9,4,9,7,7,15,19,17,9,0,0.1629
23,14,13,0,3,7,16,12,16,8,0,0,0.2531
552,4,9,4,2,0,17,17,0,18,3,0,1.2297
327,4,9,11,10,3,9,9,17,17,9,0,0.0963
483,8,17,2,7,4,4,9,5,9,9,0,2.5932
445,4,15,4,15,9,2,4,9,17,9,0,0.167
92,13,9,19,16,9,19,12,5,8,0,0,0.5951
142,1,7,9,5,8,9,4,16,8,0,1,0.1281
213,6,4,12,17,19,16,9,5,4,22,0,0.2086
555,6,15,14,8,15,16,10,15,4,3,0,0.2578
722,3,10,9,7,8,12,8,3,9,16,0,0.1262
405,19,9,14,15,17,12,0,5,17,9,0,0.5716
320,18,9,10,12,9,16,7,12,9,9,0,0.0068
382,15,9,0,0,1,17,18,5,9,9,0,0.0304
572,14,11,15,15,7,15,15,12,4,3,0,0.7954
481,0,9,0,13,8,5,17,13,9,9,0,2.8572
259,15,7,18,5,4,15,5,11,17,9,0,0.4878
378,9,9,17,0,0,3,12,19,9,9,0,0.2581
759,1,19,10,3,0,17,0,9,17,4,0,0.2274
517,0,17,10,5,14,15,19,0,12,20,0,6.529
357,8,10,0,3,15,9,9,13,17,9,0,0.0096
494,11,9,7,4,17,4,19,10,9,9,0,1.015
257,14,9,16,6,12,9,7,9,9,9,0,0.9553
746,15,15,8,3,2,9,0,0,10,12,0,0.2318
444,4,13,9,11,13,15,4,3,7,9,0,0.0768
698,15,12,5,15,9,12,13,12,7,2,0,0.2326
537,14,15,10,13,2,5,3,12,18,20,0,0.1795
164,10,0,17,8,8,15,0,7,4,10,0,0.0978
681,9,12,0,1,19,13,6,4,10,2,0,0.3975
505,0,9,15,12,17,7,12,6,7,9,1,0.1546
246,9,9,1,0,2,12,5,4,17,9,0,1.1833
502,16,9,18,1,15,12,7,8,17,9,1,0.0857
442,4,9,9,5,8,16,15,15,17,9,0,0.0114
419,9,9,9,15,7,15,9,9,7,9,0,0.115
516,0,15,4,5,7,7,9,2,17,20,0,1.4446
735,5,0,16,11,12,19,10,17,19,12,0,2.9529
741,6,17,17,16,7,15,15,9,9,12,0,0.2055
460,18,10,15,2,15,5,16,14,9,9,0,1.5498
44,7,7,15,0,19,8,6,10,8,0,0,0.339
486,16,13,4,18,1,0,17,0,9,9,0,1.2276
329,4,9,17,1,17,17,12,2,17,9,0,0.0335
61,0,17,16,8,3,3,4,13,14,0,0,2.8342
109,16,9,19,12,5,8,2,5,8,0,0,0.5967
34,17,16,0,16,5,15,5,7,8,0,0,0.5904
548,0,13,17,16,8,15,15,0,9,3,0,0.349
568,11,17,11,0,2,15,17,17,19,3,0,1.4734
